command,mean,stddev,median,user,system,min,max
target/benchmark/client 100 10,0.01897271532098766,0.00047691247888071114,0.018840909500000003,0.019224783950617292,0.0022119506172839504,0.018352668000000003,0.021420866
