command,mean,stddev,median,user,system,min,max
target/benchmark/client 100 10,0.054731321622641486,0.004146321823854688,0.055990069,0.005529188679245282,0.012842132075471697,0.033939602,0.060523351
