command,mean,stddev,median,user,system,min,max
target/benchmark/client 100 10,0.019012452018633552,0.0004944406730152324,0.018905165,0.019386006211180112,0.002078509316770186,0.018372762,0.022748147
