command,mean,stddev,median,user,system,min,max
target/benchmark/client 100 10,0.049704022745762716,0.0023236630506601264,0.049973982,0.0038836440677966094,0.011310593220338982,0.045588571,0.055296709000000006
