command,mean,stddev,median,user,system,min,max
target/benchmark/client 100 10,0.053635337509090934,0.005369093872902799,0.054172074,0.005584472727272728,0.01194616363636364,0.035805113,0.065928002
