command,mean,stddev,median,user,system,min,max
target/benchmark/client 100 10,0.0489785770338983,0.0029174687327568317,0.048730547000000006,0.004514474576271186,0.010622779661016945,0.044609182000000004,0.059021276000000004
