command,mean,stddev,median,user,system,min,max
target/benchmark/client 100 10,0.004727857661654135,0.0003090300073282961,0.004718132,0.0065026541353383534,0.001382873684210525,0.003812684,0.006550773
