command,mean,stddev,median,user,system,min,max
target/benchmark/client 100 10,0.019055633125000006,0.0003831673586660491,0.019095642500000003,0.019875138157894743,0.0015811578947368416,0.018040136000000002,0.020166355
