command,mean,stddev,median,user,system,min,max
target/benchmark/client 100 10,0.054445164650000016,0.002859384470540172,0.0543947365,0.00631785,0.012199199999999999,0.049297846000000006,0.064033685
