command,mean,stddev,median,user,system,min,max
target/benchmark/client 100 10,0.004934349867709812,0.00038332657245023497,0.004902013,0.0068168662873399665,0.0014948833570412523,0.004140241,0.008165277
