command,mean,stddev,median,user,system,min,max
target/benchmark/client 100 10,0.004356512855987057,0.0002802861900455554,0.0043126815,0.005787587378640778,0.0014333770226537213,0.0037820680000000004,0.006297322
