command,mean,stddev,median,user,system,min,max
target/benchmark/client 100 10,0.006260313112449796,0.00043874796682036207,0.006127159,0.007773036144578312,0.003227947791164658,0.005766342000000001,0.00950888
