command,mean,stddev,median,user,system,min,max
target/benchmark/client 100 10,0.05506030920370369,0.003349505571669248,0.055536288,0.005350500000000001,0.013827444444444448,0.048738647,0.064426235
