command,mean,stddev,median,user,system,min,max
target/benchmark/client 100 10,0.007039308986754967,0.0005741683070039508,0.006954209,0.00807935761589404,0.004377664459161145,0.006201573,0.010796372
