command,mean,stddev,median,user,system,min,max
target/benchmark/client 100 10,0.004630047480905233,0.0003844996470730663,0.004579199,0.006218717114568606,0.001512562942008489,0.0038366010000000002,0.009027908000000001
