command,mean,stddev,median,user,system,min,max
target/benchmark/client 100 10,0.006475461927966098,0.0005279434012930495,0.006315027000000001,0.008078135593220341,0.0033015127118644068,0.005906267000000001,0.011096442000000001
