command,mean,stddev,median,user,system,min,max
target/benchmark/client 100 10,0.006296700745098041,0.0005104570766889151,0.0061369300000000005,0.00782409586056645,0.003237021786492377,0.005773231,0.009592162000000001
