command,mean,stddev,median,user,system,min,max
target/benchmark/client 100 10,0.04021600387878788,0.004063089845835581,0.039437640499999996,0.0042057272727272724,0.007661378787878789,0.020407422,0.05067696
