command,mean,stddev,median,user,system,min,max
target/benchmark/client 100 10,0.05863176158000001,0.004985266483382372,0.058323796000000004,0.006363720000000001,0.01449088,0.041255405,0.07069011900000001
