command,mean,stddev,median,user,system,min,max
target/benchmark/client 100 10,0.006390491769067801,0.000395922289504852,0.0062729715,0.0079430720338983,0.0033355974576271216,0.005954224,0.008759641
