command,mean,stddev,median,user,system,min,max
target/benchmark/client 100 10,0.04591750189830509,0.009748062008380997,0.050085121,0.009378525423728811,0.009730288135593223,0.028400503,0.0632573
