command,mean,stddev,median,user,system,min,max
target/benchmark/client 100 10,0.01940560078571428,0.0003896573222028727,0.0193476435,0.0201560064935065,0.0019568701298701297,0.018701131000000003,0.021256102000000002
