command,mean,stddev,median,user,system,min,max
target/benchmark/client 100 10,0.018914960304347826,0.00036718880814252144,0.01889692,0.019882571428571433,0.0012977826086956522,0.017970209,0.020569463
