command,mean,stddev,median,user,system,min,max
target/benchmark/client 100 10,0.00487838988455009,0.00035824970874225693,0.004833951,0.006815468590831913,0.00142583531409168,0.0037814320000000004,0.006856480000000001
