command,mean,stddev,median,user,system,min,max
target/benchmark/client 100 10,0.007080818426666664,0.0005644183759966456,0.006935046,0.00801364888888889,0.0044470088888888875,0.006130904,0.009345517000000001
