command,mean,stddev,median,user,system,min,max
target/benchmark/client 100 10,0.0049232197689768956,0.0003170654719790464,0.004897431000000001,0.006865764026402637,0.0014674917491749168,0.0041583620000000005,0.006887353000000001
