command,mean,stddev,median,user,system,min,max
target/benchmark/client 100 10,0.018639531117283958,0.000514395786541943,0.0185097585,0.01854092592592594,0.0024277160493827157,0.01796392,0.019745727
