command,mean,stddev,median,user,system,min,max
target/benchmark/client 100 10,0.04878102939393939,0.006818503583244925,0.0468129725,0.0061706060606060605,0.010550136363636359,0.03815822,0.066716966
