command,mean,stddev,median,user,system,min,max
target/benchmark/client 100 10,0.01873226080745342,0.0003884484457852566,0.018798472,0.019651149068322975,0.0011937763975155278,0.017344291,0.019547682
