command,mean,stddev,median,user,system,min,max
target/benchmark/client 100 10,0.050911829032786876,0.005256171989407038,0.051741305,0.009083803278688529,0.01030432786885246,0.032206034,0.059214920000000004
