command,mean,stddev,median,user,system,min,max
target/benchmark/client 100 10,0.006268101098196389,0.0005038299529822107,0.006120187,0.007613070140280557,0.003405705410821644,0.0058174590000000005,0.011478390000000002
