command,mean,stddev,median,user,system,min,max
target/benchmark/client 100 10,0.05198243366666668,0.008136490804826832,0.054369311000000003,0.009274666666666665,0.011580999999999998,0.031685966,0.062939957
