command,mean,stddev,median,user,system,min,max
target/benchmark/client 100 10,0.00475531008710802,0.00034095098099645174,0.0047327875,0.006576548780487805,0.0013528815331010453,0.0037025100000000004,0.007219692000000001
