command,mean,stddev,median,user,system,min,max
target/benchmark/client 100 10,0.006247369122105268,0.0004733737821184086,0.0061074200000000006,0.007794303157894729,0.00322445052631579,0.0057454590000000005,0.010237683000000001
