command,mean,stddev,median,user,system,min,max
target/benchmark/client 100 10,0.04869060017543861,0.0024809464803036874,0.048530734000000006,0.0045464736842105264,0.010569385964912281,0.044215598,0.054597969
