command,mean,stddev,median,user,system,min,max
target/benchmark/client 100 10,0.004891604730897016,0.000335828807683593,0.004879966500000001,0.006828589700996673,0.0014412375415282382,0.004017055,0.007662124
