command,mean,stddev,median,user,system,min,max
target/benchmark/client 100 10,0.0048990569397363475,0.0003588156825590871,0.004877642000000001,0.006956071563088514,0.0013072485875706224,0.004002055,0.008050924000000001
