command,mean,stddev,median,user,system,min,max
target/benchmark/client 100 10,0.019037826417721518,0.0003808640853434792,0.019068524,0.01973847468354432,0.0015888860759493673,0.017936284,0.020595219
