command,mean,stddev,median,user,system,min,max
target/benchmark/client 100 10,0.006249067371595337,0.0004931302583857404,0.006114826,0.0076630856031128436,0.0033455505836575868,0.0057803360000000005,0.009771839000000001
