command,mean,stddev,median,user,system,min,max
target/benchmark/client 100 10,0.03979419537179486,0.0035469616055437666,0.039213385,0.003922410256410257,0.007935846153846154,0.022993963000000003,0.048564942
