command,mean,stddev,median,user,system,min,max
target/benchmark/client 100 10,0.04862124909677419,0.0022644150052944893,0.048634340000000005,0.004349419354838709,0.010989548387096773,0.044853179,0.054214703
