command,mean,stddev,median,user,system,min,max
target/benchmark/client 100 10,0.04859538015000001,0.0025865683671991765,0.048245915,0.003909150000000001,0.011136100000000001,0.043743108,0.055929381
