command,mean,stddev,median,user,system,min,max
target/benchmark/client 100 10,0.05103335111956523,0.0076989329343408915,0.053005979,0.009342010869565218,0.010909380434782612,0.032436200000000005,0.06369118
