command,mean,stddev,median,user,system,min,max
target/benchmark/client 100 10,2.8066878378,0.10807102604379995,2.7514124950000003,0.0898952,0.24612719999999996,2.711896769,3.000592632
