command,mean,stddev,median,user,system,min,max
target/benchmark/client 100 10,0.14856317980769232,0.020113106937098685,0.148691578,0.12283253846153847,0.011222538461538463,0.115166139,0.19991529900000002
