command,mean,stddev,median,user,system,min,max
target/benchmark/client 100 10,3.1215398621000006,0.05343858166809393,3.1098310380000003,0.1750874,0.235371,3.043407498,3.198352534
