command,mean,stddev,median,user,system,min,max
target/benchmark/client 100 10,0.3227647086,0.043242640181507655,0.32948985500000005,0.3160389,0.039635199999999995,0.240083608,0.38524745800000004
