command,mean,stddev,median,user,system,min,max
target/benchmark/client 100 10,0.14480898844444445,0.018477901548713017,0.1395713575,0.14865549999999994,0.004025999999999998,0.1151712,0.198925035
