command,mean,stddev,median,user,system,min,max
target/benchmark/client 100 10,2.3724809538000002,0.014652651558658848,2.3713281664999997,0.0777477,0.23761839999999998,2.3491212360000002,2.404548883
