command,mean,stddev,median,user,system,min,max
target/benchmark/client 100 10,0.5356911946,0.10728860860211165,0.5359304170000001,0.4981058,0.07142499999999999,0.378400976,0.769232056
