command,mean,stddev,median,user,system,min,max
target/benchmark/client 100 10,2.7362379103000003,0.020212275962384493,2.7374187975,0.08432919999999998,0.24453799999999998,2.702526466,2.771510042
