command,mean,stddev,median,user,system,min,max
target/benchmark/client 100 10,0.18195176494117649,0.02373224760735318,0.17308926300000002,0.16625382352941176,0.020618176470588237,0.138121043,0.226651293
