command,mean,stddev,median,user,system,min,max
target/benchmark/client 100 10,4.460587833,3.3890054812254116,2.8479796860000004,1.0190651,0.1805298,2.340903226,11.180362221
