command,mean,stddev,median,user,system,min,max
target/benchmark/client 100 10,0.1564978363888889,0.02102335115595634,0.1544524535,0.14754344444444448,0.018734611111111115,0.13354569200000002,0.201118443
