command,mean,stddev,median,user,system,min,max
target/benchmark/client 100 10,0.45528017490000006,0.0521617196807834,0.450156457,0.4269474000000001,0.061089700000000004,0.387682676,0.5715208930000001
