command,mean,stddev,median,user,system,min,max
target/benchmark/client 100 10,4.8367198571,5.404648290557493,2.796176608,0.1554149,0.41294059999999994,2.754957673,19.933893767
