command,mean,stddev,median,user,system,min,max
target/benchmark/client 100 10,2.5441230101000003,0.026970863351732273,2.54475526,0.0840132,0.2312199,2.503987749,2.580330872
