command,mean,stddev,median,user,system,min,max
target/benchmark/client 100 10,0.19264103714285716,0.026107945755910474,0.1901323935,0.15177564285714285,0.02582864285714286,0.15880137900000002,0.23799983100000002
