command,mean,stddev,median,user,system,min,max
target/benchmark/client 100 10,2.5743252487999997,0.022023690707410816,2.5750607555,0.0832371,0.23579130000000004,2.534708474,2.604261404
