command,mean,stddev,median,user,system,min,max
target/benchmark/client 100 10,0.1455763084347826,0.01612715181840229,0.142878757,0.12181043478260871,0.010587521739130435,0.119162769,0.179070961
