command,mean,stddev,median,user,system,min,max
target/benchmark/client 100 10,0.09186399018181818,0.009249984338192236,0.089049949,0.11173530303030305,0.03306242424242425,0.07525198100000001,0.11072746400000001
