command,mean,stddev,median,user,system,min,max
target/benchmark/client 100 10,2.3659534881,0.0253129111235015,2.3544522105,0.07616999999999999,0.2372112,2.338039794,2.416647809
