command,mean,stddev,median,user,system,min,max
target/benchmark/client 100 10,2.4933733958,0.027775194712313357,2.4810884189999998,0.0809793,0.22997999999999993,2.470153437,2.5578889890000003
