command,mean,stddev,median,user,system,min,max
target/benchmark/client 100 10,2.5327798440000007,0.01731425598768294,2.5313696625000004,0.08222709999999998,0.23506390000000002,2.511488209,2.557717995
