command,mean,stddev,median,user,system,min,max
target/benchmark/client 100 10,0.15309273357894737,0.029060030710691506,0.15102304700000002,0.14677852631578944,0.01518663157894737,0.104457715,0.212678429
