command,mean,stddev,median,user,system,min,max
target/benchmark/client 100 10,2.4887247805,0.09765842143043839,2.448496262,0.08413249999999999,0.24191859999999998,2.394725308,2.644201501
