command,mean,stddev,median,user,system,min,max
target/benchmark/client 100 10,2.85206334,0.11180749060492691,2.8649273285000003,0.1697631,0.2206191,2.704840129,3.000075793
