command,mean,stddev,median,user,system,min,max
target/benchmark/client 100 10,2.8078704864999997,0.06852732185353427,2.8078991855,0.16482760000000002,0.22692779999999999,2.709675161,2.902710396
