command,mean,stddev,median,user,system,min,max
target/benchmark/client 100 10,2.6753636277000004,0.027175013618943783,2.6809167995000003,0.08960599999999999,0.23481519999999997,2.641937942,2.728393075
