command,mean,stddev,median,user,system,min,max
target/benchmark/client 100 10,0.05922384631034484,0.004618176080352181,0.059483124000000005,0.04343013793103449,0.030081482758620687,0.048448615,0.067801472
