command,mean,stddev,median,user,system,min,max
target/benchmark/client 100 10,2.577721761,0.014009094745628918,2.5769818745000004,0.0968497,0.24035669999999998,2.557116294,2.603040243
