command,mean,stddev,median,user,system,min,max
target/benchmark/client 100 10,0.17249768342857147,0.01886392704716318,0.173502711,0.14877014285714282,0.017934571428571428,0.141188523,0.20793171800000002
