command,mean,stddev,median,user,system,min,max
target/benchmark/client 100 10,0.1456105778421053,0.020443163945875264,0.14905274000000002,0.15016963157894733,0.0035384210526315783,0.11732518300000001,0.181668816
