command,mean,stddev,median,user,system,min,max
target/benchmark/client 100 10,0.19414993016666668,0.033461966860961194,0.190870053,0.16597608333333333,0.02562825,0.152982325,0.23861309100000003
