command,mean,stddev,median,user,system,min,max
target/benchmark/client 100 10,0.24264242052631582,0.16706789927379817,0.170279343,0.213462,0.030804894736842104,0.13745801100000002,0.648511087
