command,mean,stddev,median,user,system,min,max
target/benchmark/client 100 10,0.20533720830769234,0.024911649436127347,0.196817173,0.21168753846153845,0.011833384615384615,0.179831697,0.263982021
