command,mean,stddev,median,user,system,min,max
target/benchmark/client 100 10,0.47724313680000013,0.07711538670509156,0.47568046950000004,0.44761470000000003,0.05198509999999999,0.355977423,0.5795066520000001
