command,mean,stddev,median,user,system,min,max
target/benchmark/client 100 10,0.351670426,0.03799441567540643,0.3520044405,0.34347669999999997,0.0426541,0.273737507,0.400860698
