command,mean,stddev,median,user,system,min,max
target/benchmark/client 100 10,0.17212907534782612,0.030976598519691454,0.17068829600000002,0.15643926086956522,0.018010652173913042,0.12718126400000002,0.237017849
