command,mean,stddev,median,user,system,min,max
target/benchmark/client 100 10,2.8358385235,0.06136158441179228,2.8309412025,0.1673995,0.23897539999999995,2.7400740370000003,2.927367922
