command,mean,stddev,median,user,system,min,max
target/benchmark/client 100 10,0.3722634071,0.04667122442358476,0.378246322,0.3503551,0.04302679999999999,0.29885306700000003,0.41959360500000004
