command,mean,stddev,median,user,system,min,max
target/benchmark/client 100 10,0.3557985683,0.06906045908813345,0.3304241245,0.32303299999999996,0.0398409,0.29772046700000004,0.514980667
