command,mean,stddev,median,user,system,min,max
target/benchmark/client 100 10,0.18119496723076922,0.0414523996755703,0.18844132000000002,0.18415153846153845,0.005553461538461539,0.11089858600000001,0.25269745800000004
