command,mean,stddev,median,user,system,min,max
target/benchmark/client 100 10,0.15562623344444446,0.01827666712721321,0.15310083900000002,0.14652266666666663,0.01591366666666667,0.127334635,0.197870283
