command,mean,stddev,median,user,system,min,max
target/benchmark/client 100 10,0.3326266565,0.060088839099524144,0.32961422,0.3133921,0.0402086,0.243936119,0.42491161400000005
