command,mean,stddev,median,user,system,min,max
target/benchmark/client 100 10,2.8420734605000004,0.1040938648614956,2.8217295545,0.08987999999999999,0.2477512,2.665643412,3.033535323
