command,mean,stddev,median,user,system,min,max
target/benchmark/client 100 10,0.018897590093167705,0.00036158379110039625,0.018838226,0.01934958385093167,0.0019787950310559007,0.018411088000000003,0.020097521
