command,mean,stddev,median,user,system,min,max
target/benchmark/client 100 10,0.041184930891891895,0.003629693797190923,0.040203266,0.004025459459459459,0.009545635135135136,0.036796413,0.053866192
