command,mean,stddev,median,user,system,min,max
target/benchmark/client 100 10,0.019035733143749994,0.00038021015160068,0.0189368085,0.019106537499999986,0.0023867062499999996,0.018438773000000002,0.020234961000000003
