command,mean,stddev,median,user,system,min,max
target/benchmark/client 100 10,0.053214661558139524,0.009728745480326114,0.054552218000000006,0.01223220930232558,0.011836581395348834,0.038066335,0.069491704
