command,mean,stddev,median,user,system,min,max
target/benchmark/client 100 10,0.05727325517647059,0.004907887733362657,0.057789006000000004,0.006039764705882353,0.013900333333333332,0.031569799,0.065029217
