command,mean,stddev,median,user,system,min,max
target/benchmark/client 100 10,0.045167476805970164,0.004442353116731977,0.044627863000000004,0.005448656716417911,0.009164029850746271,0.038500563,0.057695105000000003
