command,mean,stddev,median,user,system,min,max
target/benchmark/client 100 10,0.0067210805125523096,0.0007077619713617515,0.006462098500000001,0.008083058577405846,0.0036197405857740575,0.005964481000000001,0.011147158
