command,mean,stddev,median,user,system,min,max
target/benchmark/client 100 10,0.0574626448,0.005358590048676242,0.057113528000000004,0.006156459999999999,0.013360419999999998,0.035351666000000004,0.06985427400000001
