command,mean,stddev,median,user,system,min,max
target/benchmark/client 100 10,0.019616002019108285,0.0009748631247059336,0.019410133,0.020086490445859875,0.002311,0.018766311,0.028704051
