command,mean,stddev,median,user,system,min,max
target/benchmark/client 100 10,0.006685050059322035,0.0005744794645971153,0.00648607,0.008125836864406773,0.003504779661016949,0.006045888,0.010285482
