command,mean,stddev,median,user,system,min,max
target/benchmark/client 100 10,0.006700848538461536,0.000684845671450155,0.006486596000000001,0.007988420940170937,0.0037129935897435864,0.005990093,0.010683268000000001
