command,mean,stddev,median,user,system,min,max
target/benchmark/client 100 10,0.05618396196153845,0.005492720662766824,0.056056453500000006,0.005850615384615384,0.013613807692307692,0.033105797,0.069665556
