command,mean,stddev,median,user,system,min,max
target/benchmark/client 100 10,0.006521855322981363,0.0005399912779756301,0.0063651160000000005,0.007994507246376811,0.0034060207039337464,0.0059719180000000005,0.012518139000000001
