command,mean,stddev,median,user,system,min,max
target/benchmark/client 100 10,0.049983926125000015,0.010827455640396721,0.0552232,0.012304541666666662,0.012253333333333333,0.030928459000000002,0.064641022
