command,mean,stddev,median,user,system,min,max
target/benchmark/client 100 10,0.057949153749999996,0.002283788449783547,0.057364833000000004,0.06833275,0.030089346153846157,0.054030149000000006,0.064378857
