command,mean,stddev,median,user,system,min,max
target/benchmark/client 100 10,0.007271125796803655,0.0005668765355349742,0.0071016000000000004,0.008230792237442922,0.004404648401826484,0.006537838000000001,0.009544996
