command,mean,stddev,median,user,system,min,max
target/benchmark/client 100 10,0.0187778454121212,0.0005626197496784627,0.018685537000000002,0.01866176363636363,0.002514503030303031,0.017959199000000002,0.020076751
