command,mean,stddev,median,user,system,min,max
target/benchmark/client 100 10,0.007436318129840544,0.001045767105190079,0.007160259,0.00848311845102506,0.004532740318906605,0.006462627,0.017949591
