command,mean,stddev,median,user,system,min,max
target/benchmark/client 100 10,0.05940301855769235,0.00456176985119629,0.058172905500000004,0.006526884615384616,0.014197884615384614,0.049687842,0.070627991
