command,mean,stddev,median,user,system,min,max
target/benchmark/client 100 10,0.058244203749999994,0.00695619705694421,0.057590477,0.006339681818181817,0.014170977272727274,0.036607315,0.07830105000000001
