command,mean,stddev,median,user,system,min,max
target/benchmark/client 100 10,0.006757547797752812,0.0005893213484690222,0.006568267,0.008297471910112366,0.003498912359550559,0.006204269,0.009922468
