command,mean,stddev,median,user,system,min,max
target/benchmark/client 100 10,0.006865966144329898,0.00048014394972939256,0.006756509000000001,0.008338556701030932,0.003588255154639175,0.0061374360000000005,0.010172958000000001
