command,mean,stddev,median,user,system,min,max
target/benchmark/client 100 10,0.08889872741379311,0.004913465061431534,0.08964184900000001,0.011193310344827586,0.027017931034482755,0.07667786,0.103067167
