command,mean,stddev,median,user,system,min,max
target/benchmark/client 100 10,0.0070926104115044235,0.0005874314649162399,0.006977348,0.008146101769911509,0.004321975663716813,0.006182460000000001,0.012307482000000002
