command,mean,stddev,median,user,system,min,max
target/benchmark/client 100 10,0.019936141174825187,0.0005302554354739349,0.019924828000000002,0.016614006993007,0.006277405594405594,0.01863741,0.02144337
