command,mean,stddev,median,user,system,min,max
target/benchmark/client 100 10,0.009633294318435752,0.0006015578852625823,0.0096083725,0.010380167597765362,0.006220851955307267,0.008151328000000001,0.012721531000000001
