command,mean,stddev,median,user,system,min,max
target/benchmark/client 100 10,0.019922447308219182,0.000492736156227687,0.019954430000000002,0.016679000000000003,0.00625121917808219,0.018667289,0.022393383000000003
