command,mean,stddev,median,user,system,min,max
target/benchmark/client 100 10,0.08887389514285715,0.006579841407653042,0.088459547,0.010133714285714286,0.027217321428571434,0.079056471,0.106756181
