command,mean,stddev,median,user,system,min,max
target/benchmark/client 100 10,0.08954931042424245,0.008107851231861645,0.08918482800000001,0.020638939393939394,0.023191696969696973,0.071415157,0.11123039600000001
