command,mean,stddev,median,user,system,min,max
target/benchmark/client 100 10,0.012173432886639678,0.0007063001022731027,0.012266560000000001,0.010915906882591097,0.008961149797570848,0.010621732,0.014332245
