command,mean,stddev,median,user,system,min,max
target/benchmark/client 100 10,0.05645260392727275,0.0031963996450625103,0.056413188,0.008259890909090909,0.02275485454545454,0.049886766000000006,0.064908451
