command,mean,stddev,median,user,system,min,max
target/benchmark/client 100 10,0.008778284388059703,0.00040056040521949907,0.008773737,0.009723322388059692,0.005461814925373131,0.007706210000000001,0.011469476000000001
