command,mean,stddev,median,user,system,min,max
target/benchmark/client 100 10,0.010344259430976437,0.0005429164959676086,0.010327387,0.011097037037037044,0.006744057239057235,0.009067781,0.013363643000000001
