command,mean,stddev,median,user,system,min,max
target/benchmark/client 100 10,0.02062345973469389,0.00037225070905058324,0.020599812000000002,0.020537843537414974,0.003885707482993195,0.019875561,0.021730946
