command,mean,stddev,median,user,system,min,max
target/benchmark/client 100 10,0.008634112048295457,0.0005514009938433107,0.00861551,0.009078562499999991,0.005816437499999997,0.0073429490000000005,0.012244975
