command,mean,stddev,median,user,system,min,max
target/benchmark/client 100 10,0.056812214749999985,0.007765342084688621,0.054853666,0.008886339285714287,0.022097089285714282,0.046863857,0.09552993200000001
