command,mean,stddev,median,user,system,min,max
target/benchmark/client 100 10,0.0830460919142857,0.004762540976546846,0.08417187500000001,0.018614942857142856,0.023285114285714288,0.070747737,0.09129986000000001
