command,mean,stddev,median,user,system,min,max
target/benchmark/client 100 10,0.008505051174285723,0.0004178087852018852,0.008490204500000001,0.009156820000000003,0.00551509714285714,0.007451494,0.011190812000000001
