command,mean,stddev,median,user,system,min,max
target/benchmark/client 100 10,0.09039397511764705,0.009917341396287875,0.08820586600000001,0.011661647058823532,0.026824558823529406,0.08106943200000001,0.136042395
