command,mean,stddev,median,user,system,min,max
target/benchmark/client 100 10,0.019630008118421048,0.0005043069280254462,0.0196162445,0.015774499999999997,0.006663888157894738,0.018492551,0.020648096
