command,mean,stddev,median,user,system,min,max
target/benchmark/client 100 10,0.09155206055555558,0.00969160084069379,0.0895567815,0.011007861111111112,0.028429694444444445,0.07729722700000001,0.134851942
