command,mean,stddev,median,user,system,min,max
target/benchmark/client 100 10,0.008808429741839763,0.0005599293775380838,0.008776588,0.009685317507418396,0.0055368160237388685,0.00750941,0.012300328000000001
