command,mean,stddev,median,user,system,min,max
target/benchmark/client 100 10,0.008517872923287678,0.0004461132837123061,0.008515805000000001,0.008807873972602728,0.005924293150684935,0.0073584850000000005,0.010224461
