command,mean,stddev,median,user,system,min,max
target/benchmark/client 100 10,0.0905095991764706,0.010643083438972897,0.087893424,0.011215823529411764,0.02782661764705882,0.078382034,0.13417515200000002
