command,mean,stddev,median,user,system,min,max
target/benchmark/client 100 10,0.07759730465909093,0.01750904037666961,0.0720418265,0.008876272727272726,0.02441906818181819,0.062779218,0.150842404
