command,mean,stddev,median,user,system,min,max
target/benchmark/client 100 10,0.018025041734939764,0.0007173799318350684,0.018029259,0.019285138554216874,0.0015548253012048197,0.014245114000000001,0.019405114
