command,mean,stddev,median,user,system,min,max
target/benchmark/client 100 10,0.0526819368125,0.01354377058950639,0.047078257500000005,0.008511406249999997,0.020766984374999995,0.041212336,0.10368220800000001
