command,mean,stddev,median,user,system,min,max
target/benchmark/client 100 10,0.0070198883636363694,0.00041982598478558503,0.007020565500000001,0.010263625541125544,0.0020051645021645003,0.005887329,0.010486959
