command,mean,stddev,median,user,system,min,max
target/benchmark/client 100 10,0.006475398983606565,0.0004709639902226138,0.006412996000000001,0.009272706967213109,0.001961405737704918,0.005157898,0.008721508000000001
