command,mean,stddev,median,user,system,min,max
target/benchmark/client 100 10,0.01735680420467837,0.0009156638299345515,0.017430509,0.018522871345029245,0.0016587017543859656,0.014074389000000001,0.019684981
