command,mean,stddev,median,user,system,min,max
target/benchmark/client 100 10,0.006418514253932589,0.00043108242242962487,0.006369558,0.009030631460674154,0.0021213775280898863,0.004966096000000001,0.009179589
