command,mean,stddev,median,user,system,min,max
target/benchmark/client 100 10,0.005905328439226519,0.0005718559380593193,0.005775589,0.00809531491712707,0.0019067403314917122,0.00507666,0.009873073000000001
