command,mean,stddev,median,user,system,min,max
target/benchmark/client 100 10,0.006403605188340806,0.0003398842041307539,0.006379713,0.009014091928251122,0.0021419932735426014,0.005408344000000001,0.008064341000000001
