command,mean,stddev,median,user,system,min,max
target/benchmark/client 100 10,0.08191535460000005,0.006700866265479024,0.081157006,0.01744497142857143,0.02246357142857143,0.065502136,0.10006026800000001
