command,mean,stddev,median,user,system,min,max
target/benchmark/client 100 10,0.004663063193092621,0.0003730056875839435,0.004597244,0.006192615384615389,0.0016032715855572983,0.003921493,0.007617337
