command,mean,stddev,median,user,system,min,max
target/benchmark/client 100 10,0.08281429134883722,0.024260773055938732,0.075243617,0.009246976744186045,0.02593590697674419,0.063656689,0.184682157
