command,mean,stddev,median,user,system,min,max
target/benchmark/client 100 10,0.057365286403225815,0.016913833216400925,0.051454984,0.008210241935483868,0.022539999999999998,0.042248654000000004,0.13198953100000002
