command,mean,stddev,median,user,system,min,max
target/benchmark/client 100 10,0.017353269146198835,0.0010493838273628714,0.017566411,0.018636269005847965,0.0015463391812865492,0.013568168,0.019443393
