command,mean,stddev,median,user,system,min,max
target/benchmark/client 100 10,0.006088626464912279,0.00027980457415867496,0.006038509500000001,0.008892247807017547,0.0016512741228070188,0.005563582,0.007471865
