command,mean,stddev,median,user,system,min,max
target/benchmark/client 100 10,0.07913995702222221,0.014513819328555408,0.07374532,0.008132911111111111,0.02582986666666666,0.063678881,0.131145692
