command,mean,stddev,median,user,system,min,max
target/benchmark/client 100 10,0.015367301244444445,0.001250589627396437,0.015101149000000001,0.016726083333333325,0.0020220611111111102,0.013096564000000002,0.019623906
