command,mean,stddev,median,user,system,min,max
target/benchmark/client 100 10,0.07561874495000001,0.012472193976378715,0.071148426,0.008084675,0.024492024999999997,0.06402727100000001,0.12480513900000001
