command,mean,stddev,median,user,system,min,max
target/benchmark/client 100 10,0.006475212328798187,0.00043028301702175505,0.0064570190000000005,0.009531786848072573,0.0017593628117913835,0.005285185,0.008804429
