command,mean,stddev,median,user,system,min,max
target/benchmark/client 100 10,0.006217780169164879,0.0005104051370184256,0.006118190000000001,0.009041845824411131,0.0017228501070663807,0.005219195,0.009416614
