command,mean,stddev,median,user,system,min,max
target/benchmark/client 100 10,0.08119722024390243,0.011177580035650342,0.079712318,0.01875353658536585,0.02279287804878049,0.066930951,0.11997916400000001
