command,mean,stddev,median,user,system,min,max
target/benchmark/client 100 10,0.07961947423684208,0.01314002644329031,0.07355188800000001,0.007919789473684208,0.02545731578947369,0.067507943,0.12409654
